scheme_id,scheme_name,level,issuing_ministry,applicable_state,min_land_acres,max_land_acres,income_ceiling_inr,category_restriction,gender_restriction,age_min,age_max,occupation_requirement,benefit_type,benefit_amount_inr,required_documents,sector_tags,description,status_deadline,official_url
SCH_C_001,Pradhan Mantri Kisan Samman Nidhi (PM-KISAN),Central,Ministry of Agriculture & Farmers Welfare,All-India,0.1,999.0,1000000,None,None,18,99,Farmer,Direct-Benefit,6000 per year,"Aadhar, Bank Account, Land Record","Income Support, Direct Benefit, Subsidy","Direct income support of Rs 6,000 per year transferred in three equal installments to all landholding farmer families to supplement their financial needs.",Rolling,https://pmkisan.gov.in
SCH_C_002,Pradhan Mantri Fasal Bima Yojana (PMFBY),Central,Ministry of Agriculture & Farmers Welfare,All-India,0.1,999.0,9999999,None,None,18,99,Farmer,Insurance,Varies (Full sum insured based on crop),"Aadhar, Bank Account, Land Record, Sowing Certificate","Insurance, Crop Protection, Risk Mitigation","Comprehensive crop insurance scheme providing financial support to farmers suffering crop loss/damage arising out of unforeseen events, with a very low premium paid by farmers.",Seasonal (Kharif/Rabi Deadlines),https://pmfby.gov.in
SCH_C_003,Pradhan Mantri Kisan Maandhan Yojana (PM-KMY),Central,Ministry of Agriculture & Farmers Welfare,All-India,0.1,5.0,9999999,None,None,18,40,Farmer,Pension,3000 per month (post 60 years),"Aadhar, Bank Account, Khasra-Khatauni","Pension, Social Security, Marginal Farmers",A voluntary and contributory pension scheme for small and marginal farmers to provide social security and a fixed monthly pension after attaining the age of 60.,Rolling,https://maandhan.in
SCH_C_004,Kisan Credit Card (KCC) Scheme,Central,Department of Financial Services / RBI,All-India,0.1,999.0,9999999,None,None,18,75,"Farmer, Dairy, Fisheries",Loan,"Upto 3,000,000 (Subsidized Interest)","Aadhar, Pan Card, Land Record, Passport Photo","Credit, Loan, Allied-Sector, Institutional Finance",Provides timely and adequate credit to farmers for agricultural operations and allied activities at highly concessional interest rates.,Rolling,https://www.rbi.org.in
SCH_C_005,Mahila Kisan Sashaktikaran Pariyojana (MKSP),Central,Ministry of Rural Development,All-India,0.0,999.0,9999999,None,Female,18,99,Farmer,Input-Support,Varies (Capacity Building & Tool Kits),"Aadhar, SHG Membership Proof","Women-Farmer, Empowerment, Input-Support, SHG",Sub-component of DAY-NRLM aiming to empower women in agriculture by making systematic investments to enhance their participation and productivity.,Rolling,https://mksp.gov.in
SCH_C_006,Pradhan Mantri Krishi Sinchayee Yojana (PMKSY) - Per Drop More Crop,Central,Ministry of Agriculture & Farmers Welfare,All-India,0.1,999.0,9999999,None,None,18,99,Farmer,Subsidy,Upto 55% subsidy on Micro Irrigation systems,"Aadhar, Bank Account, Land Record, Quotation from Vendor","Irrigation, Micro-Irrigation, Subsidy, Water Conservation",Promotes micro-irrigation technologies (drip and sprinkler) to enhance water use efficiency at the farm level.,Rolling,https://pmksy.gov.in
SCH_C_007,PM-KUSUM (Pradhan Mantri Kisan Urja Suraksha evam Utthaan Mahabhiyan),Central,Ministry of New and Renewable Energy,All-India,0.5,999.0,9999999,None,None,18,99,Farmer,Subsidy,Upto 60% subsidy on standalone solar pumps,"Aadhar, Bank Account, Land Record, Electricity Bill (if grid connected)","Energy, Solar Pumps, Subsidy, Infrastructure",Aims to provide energy security along with financial and water security to farmers by setting up solar pumps and grid-connected solar power plants.,Subject to state allocations,https://pmkusum.mnre.gov.in
SCH_C_008,Paramparagat Krishi Vikas Yojana (PKVY),Central,Ministry of Agriculture & Farmers Welfare,All-India,0.1,5.0,9999999,None,None,18,99,Farmer,Input-Support,50000 per hectare over 3 years,"Aadhar, Cluster Membership, Land Record","Organic Farming, Input-Support, Sustainability",Promotes commercial organic production through certified organic farming. The support is for seed to harvesting of crops and their transport to the market.,Rolling,https://pgsindia-ncof.gov.in
SCH_C_009,Soil Health Card Scheme,Central,Ministry of Agriculture & Farmers Welfare,All-India,0.1,999.0,9999999,None,None,18,99,Farmer,Service,Free Soil Testing and Recommendation Card,"Aadhar, Land Record","Soil Health, Advisory, Free Service",Provides farmers with soil nutrient status of their holding and advises them on the dosage of fertilizers and essential soil amendments.,Rolling,https://soilhealth.dac.gov.in
SCH_C_010,Agriculture Infrastructure Fund (AIF),Central,Ministry of Agriculture & Farmers Welfare,All-India,0.0,999.0,9999999,None,None,18,99,"Farmer, FPO, Agri-Entrepreneur",Loan,3% Interest Subvention up to 2 Crore,"Aadhar, DPR (Detailed Project Report), Bank Approval","Infrastructure, Post-Harvest, Credit, FPO",Medium - long term debt financing facility for investment in viable projects for post-harvest management Infrastructure and community farming assets.,Active till 2032-33,https://agriinfra.dac.gov.in
SCH_S_001,Rythu Bandhu Scheme,State,Government of Telangana,Telangana,0.1,999.0,9999999,None,None,18,99,Farmer,Direct-Benefit,5000 per acre per season,"Aadhar, Pattadar Passbook, Bank Account","Investment Support, Direct Benefit, Input-Support",Agriculture Investment Support Scheme providing initial investment support to farmers per acre for two crops a year in Telangana.,Seasonal,https://rythubandhu.telangana.gov.in
SCH_S_002,CM-KISAN (Formerly KALIA),State,Government of Odisha,Odisha,0.0,5.0,200000,None,None,18,99,"Farmer, Landless Laborer",Direct-Benefit,4000 per year (Additional to PM-KISAN),"Aadhar, Bank Account, Ration Card","Poverty Alleviation, Direct Benefit, Marginal Farmers","Financial assistance to small/marginal farmers, landless agricultural households, and vulnerable agricultural families in Odisha to accelerate agricultural prosperity.",Rolling,https://krushak.odisha.gov.in
SCH_S_003,Mukhyamantri Krishi Ashirwad Yojana,State,Government of Jharkhand,Jharkhand,0.1,5.0,9999999,None,None,18,99,Farmer,Direct-Benefit,Upto 25000 per year based on land,"Aadhar, Bank Account, Land Record","Direct Benefit, Kharif Support","Provides financial grant to small and marginal farmers of Jharkhand to purchase agricultural inputs like seeds, fertilizers, and equipment.",Active,https://mmkay.jharkhand.gov.in
SCH_S_004,Krishak Bandhu Scheme,State,Government of West Bengal,West Bengal,0.1,999.0,9999999,None,None,18,60,Farmer,Direct-Benefit,Upto 10000 per year + 2 Lakh Death Benefit,"Aadhar, Voter ID, RoR (Record of Rights), Bank Account","Direct Benefit, Death Benefit, Income Support",Assured income scheme providing financial assistance to farmers for agriculture purposes and social security in the event of the farmer's untimely death.,Rolling,https://krishakbandhu.net
SCH_S_005,YSR Rythu Bharosa,State,Government of Andhra Pradesh,Andhra Pradesh,0.1,999.0,9999999,None,None,18,99,"Farmer, Tenant Farmer",Direct-Benefit,13500 per year (Includes PM-KISAN component),"Aadhar, Bank Account, Webland Record / CCRC for Tenants","Direct Benefit, Tenant Farmers, Income Support","Financial assistance to farmer families, including tenant farmers across the state, to support cultivators in meeting their investment needs.",Seasonal,https://ysrrythubharosa.ap.gov.in
SCH_S_006,Mukhyamantri Kisan Kalyan Yojana,State,Government of Madhya Pradesh,Madhya Pradesh,0.1,999.0,1000000,None,None,18,99,Farmer,Direct-Benefit,6000 per year (In addition to PM-KISAN),"Aadhar, Bank Account, PM-KISAN ID","Direct Benefit, Income Support",State-level top-up scheme for all eligible beneficiaries of the PM-KISAN scheme in Madhya Pradesh to provide further financial stability.,Rolling,https://saara.mp.gov.in
SCH_S_007,Rajiv Gandhi Kisan Nyay Yojana,State,Government of Chhattisgarh,Chhattisgarh,0.1,999.0,9999999,None,None,18,99,Farmer,Input-Support,9000 per acre (Paddy & major crops),"Aadhar, Bank Account, Land Record, Crop Registration","Input-Support, Crop Diversification, Direct Benefit",Provides input assistance to farmers per acre to encourage crop diversification and ensure a fair return for their produce.,Seasonal,https://rgkny.cg.nic.in
